{"nodes": {"BOOT-001:0": {"actual": 30.0, "last": 1772375442.1290562}, "BOOT-001:1": {"actual": 30.0, "last": 1772375442.1290562}, "BOOT-001:2": {"actual": 30.0, "last": 1772375442.1290562}, "BOOT-001:3": {"actual": 30.0, "last": 1772375442.1290562}, "BOOT-001:4": {"actual": 30.0, "last": 1772375442.1290562}, "BOOT-001:5": {"actual": 30.0, "last": 1772375442.1290562}, "BOOT-001:": {"actual": 180.0, "last": 1772375442.1290562}, "API-001:0": {"actual": 30.0, "last": 1772375442.1290562}, "API-001:1": {"actual": 30.0, "last": 1772375442.1290562}, "API-001:2": {"actual": 30.0, "last": 1772375442.1290562}, "API-001:3": {"actual": 30.0, "last": 1772375442.1290562}, "API-001:4": {"actual": 30.0, "last": 1772375442.1290562}, "API-001:5": {"actual": 30.0, "last": 1772375442.1290562}, "API-001:6": {"actual": 30.0, "last": 1772375442.1290562}, "API-001:": {"actual": 210.0, "last": 1772375442.1290562}, "UNITY-001:0": {"actual": 30.0, "last": 1772375442.1290562}, "UNITY-001:1": {"actual": 30.0, "last": 1772375442.1290562}, "UNITY-001:2": {"actual": 30.0, "last": 1772375442.1290562}, "UNITY-001:3": {"actual": 30.0, "last": 1772375442.1290562}, "UNITY-001:4": {"actual": 30.0, "last": 1772375442.1290562}, "UNITY-001:5": {"actual": 30.0, "last": 1772375442.1290562}, "UNITY-001:6": {"actual": 30.0, "last": 1772375442.1290562}, "UNITY-001:7": {"actual": 30.0, "last": 1772375442.1290562}, "UNITY-001:": {"actual": 240.0, "last": 1772375442.1290562}, "WEB-001:0": {"actual": 30.0, "last": 1772375442.1290562}, "WEB-001:1": {"actual": 30.0, "last": 1772375442.1290562}, "WEB-001:2": {"actual": 30.0, "last": 1772375442.1290562}, "WEB-001:3": {"actual": 30.0, "last": 1772375442.1290562}, "WEB-001:4": {"actual": 30.0, "last": 1772375442.1290562}, "WEB-001:5": {"actual": 30.0, "last": 1772375442.1290562}, "WEB-001:6": {"actual": 30.0, "last": 1772375442.1290562}, "WEB-001:": {"actual": 210.0, "last": 1772375442.1290562}, "CICD-001:0": {"actual": 30.0, "last": 1772375442.1290562}, "CICD-001:1": {"actual": 30.0, "last": 1772375442.1290562}, "CICD-001:2": {"actual": 30.0, "last": 1772375442.1290562}, "CICD-001:3": {"actual": 30.0, "last": 1772375442.1290562}, "CICD-001:4": {"actual": 30.0, "last": 1772375442.1290562}, "CICD-001:5": {"actual": 30.0, "last": 1772375442.1290562}, "CICD-001:": {"actual": 180.0, "last": 1772375442.1290562}, "QA-001:0": {"actual": 30.0, "last": 1772375442.1290562}, "QA-001:1": {"actual": 30.0, "last": 1772375442.1290562}, "QA-001:2": {"actual": 30.0, "last": 1772375442.1290562}, "QA-001:3": {"actual": 30.0, "last": 1772375442.1290562}, "QA-001:4": {"actual": 30.0, "last": 1772375442.1290562}, "QA-001:": {"actual": 150.0, "last": 1772375442.1290562}, "START-001:0": {"actual": 21.78, "last": 1772375563.0513334}, "START-001:1": {"actual": 0.0, "last": 1772375563.0513334}, "START-001:2": {"actual": 0.0, "last": 1772375563.0513334}, "START-001:3": {"actual": 0.0, "last": 1772375563.0513334}, "START-001:": {"actual": 21.78, "last": 1772375563.0513334}, "START-002:0": {"actual": 11.78, "last": 1772375563.0513334}, "START-002:1": {"actual": 0.0, "last": 1772375563.0513334}, "START-002:2": {"actual": 0.0, "last": 1772375563.0513334}, "START-002:": {"actual": 11.78, "last": 1772375563.0513334}, "VIS-001:0": {"actual": 20.0, "last": 1772388697.2867367}, "VIS-001:1": {"actual": 20.0, "last": 1772388697.2867367}, "VIS-001:2": {"actual": 30.0, "last": 1772388697.2867367}, "VIS-001:3": {"actual": 25.0, "last": 1772388697.2867367}, "VIS-001:4": {"actual": 25.0, "last": 1772388697.2867367}, "VIS-001:5": {"actual": 30.0, "last": 1772388697.2867367}, "VIS-001:": {"actual": 150.0, "last": 1772388697.2867367}, "SPR-001:0": {"actual": 60.0, "last": 1772388697.2867367}, "SPR-001:1": {"actual": 70.0, "last": 1772388697.2867367}, "SPR-001:2": {"actual": 50.0, "last": 1772388697.2867367}, "SPR-001:3": {"actual": 30.0, "last": 1772388697.2867367}, "SPR-001:": {"actual": 210.0, "last": 1772388697.2867367}}}