{"nodes": {"PLAN-001:0": {"actual": 20.0, "last": 1773192619.7864656}, "PLAN-001:1": {"actual": 40.0, "last": 1773192619.7864656}, "PLAN-001:2": {"actual": 30.0, "last": 1773192619.7864656}, "PLAN-001:": {"actual": 90.0, "last": 1773192619.7864656}, "PLAN-002:0": {"actual": 15.0, "last": 1773192619.7864656}, "PLAN-002:1": {"actual": 20.0, "last": 1773192619.7864656}, "PLAN-002:2": {"actual": 10.0, "last": 1773192619.7864656}, "PLAN-002:": {"actual": 45.0, "last": 1773192619.7864656}, "PLAN-003:0": {"actual": 40.0, "last": 1773192619.7864656}, "PLAN-003:1": {"actual": 40.0, "last": 1773192619.7864656}, "PLAN-003:2": {"actual": 40.0, "last": 1773192619.7864656}, "PLAN-003:": {"actual": 120.0, "last": 1773192619.7864656}, "TASK-1773192619336:0": {"actual": 0.0, "last": 1773192619.7864656}, "TASK-1773192619336:1": {"actual": 0.0, "last": 1773192619.7864656}, "TASK-1773192619336:2": {"actual": 0.0, "last": 1773192619.7864656}, "TASK-1773192619336:": {"actual": 0.0, "last": 1773192619.7864656}, "VIZ-001:0": {"actual": 10.0, "last": 1773192619.7864656}, "VIZ-001:1": {"actual": 5.0, "last": 1773192619.7864656}, "VIZ-001:2": {"actual": 5.0, "last": 1773192619.7864656}, "VIZ-001:": {"actual": 20.0, "last": 1773192619.7864656}, "VIZ-002:0": {"actual": 10.0, "last": 1773192619.7864656}, "VIZ-002:1": {"actual": 10.0, "last": 1773192619.7864656}, "VIZ-002:2": {"actual": 15.0, "last": 1773192619.7864656}, "VIZ-002:3": {"actual": 10.0, "last": 1773192619.7864656}, "VIZ-002:": {"actual": 45.0, "last": 1773192619.7864656}, "VIZ-003:0": {"actual": 0.0, "last": 1773192619.7864656}, "VIZ-003:1": {"actual": 0.0, "last": 1773192619.7864656}, "VIZ-003:2": {"actual": 0.0, "last": 1773192619.7864656}, "VIZ-003:3": {"actual": 0.0, "last": 1773192619.7864656}, "VIZ-003:": {"actual": 0.0, "last": 1773192619.7864656}, "VIZ-004:0": {"actual": 0.0, "last": 1773192619.7864656}, "VIZ-004:1": {"actual": 0.0, "last": 1773192619.7864656}, "VIZ-004:2": {"actual": 0.0, "last": 1773192619.7864656}, "VIZ-004:": {"actual": 0.0, "last": 1773192619.7864656}, "TASK-1773192619522:0": {"actual": 0.0, "last": 1773192619.7864656}, "TASK-1773192619522:1": {"actual": 0.0, "last": 1773192619.7864656}, "TASK-1773192619522:2": {"actual": 0.0, "last": 1773192619.7864656}, "TASK-1773192619522:": {"actual": 0.0, "last": 1773192619.7864656}, "TASK-1773192619719:0": {"actual": 0.0, "last": 1773192619.7864656}, "TASK-1773192619719:1": {"actual": 0.0, "last": 1773192619.7864656}, "TASK-1773192619719:2": {"actual": 0.0, "last": 1773192619.7864656}, "TASK-1773192619719:": {"actual": 0.0, "last": 1773192619.7864656}}, "meta": {"PLAN-001:0": {"status": "done", "progress": 100, "title": "Очистить и стабилизировать task/state pipeline", "since": 1772641884.9188185, "startedActual": 20.0, "ts": 1773192619.7864656, "rate": 0.0}, "PLAN-001:1": {"status": "done", "progress": 100, "title": "Главный стол + свет читаемый", "since": 1772641884.9188185, "startedActual": 40.0, "ts": 1773192619.7864656, "rate": 0.0}, "PLAN-001:2": {"status": "done", "progress": 100, "title": "Стол сотрудника + chill зона", "since": 1772641884.9188185, "startedActual": 30.0, "ts": 1773192619.7864656, "rate": 0.0}, "PLAN-001:": {"status": "done", "progress": 100, "title": "Unity URP WebGL: Базовая сцена офиса", "since": 1772641884.9188185, "startedActual": 90.0, "ts": 1773192619.7864656, "rate": 0.0}, "PLAN-002:0": {"status": "done", "progress": 100, "title": "Показывать только актуальные задачи", "since": 1772641884.9188185, "startedActual": 15.0, "ts": 1773192619.7864656, "rate": 0.0}, "PLAN-002:1": {"status": "done", "progress": 100, "title": "Вложенные подзадачи + прогресс бары", "since": 1772641884.9188185, "startedActual": 20.0, "ts": 1773192619.7864656, "rate": 0.0}, "PLAN-002:2": {"status": "done", "progress": 100, "title": "CPU/Load + now-doing синхронизация", "since": 1772641884.9188185, "startedActual": 10.0, "ts": 1773192619.7864656, "rate": 0.0}, "PLAN-002:": {"status": "done", "progress": 100, "title": "Правая панель: Сейчас делаю / Активные / Последние", "since": 1772641884.9188185, "startedActual": 45.0, "ts": 1773192619.7864656, "rate": 0.0}, "PLAN-003:0": {"status": "done", "progress": 100, "title": "Детализировать стол сотрудника и монитор", "since": 1772684959.4405403, "startedActual": 40.0, "ts": 1773192619.7864656, "rate": 1.601516016406075e-05}, "PLAN-003:1": {"status": "done", "progress": 100, "title": "Ассистенты с ролями и бейджами (3+)", "since": 1772686722.1083105, "startedActual": 40.0, "ts": 1773192619.7864656, "rate": 0.0008637108252383579}, "PLAN-003:2": {"status": "done", "progress": 100, "title": "Chill-zone (софа, лампа, растения) финальный вид", "since": 1772688544.70964, "startedActual": 40.0, "ts": 1773192619.7864656, "rate": 0.0015187435768855616}, "PLAN-003:": {"status": "done", "progress": 100, "title": "Unity сцена: финализация столов, ассистентов и chill-zone", "since": 1772688544.70964, "startedActual": 120.0, "ts": 1773192619.7864656, "rate": 0.00036272814259330494}, "task:PLAN-001": {"status": "done"}, "task:PLAN-002": {"status": "done"}, "task:PLAN-003": {"status": "done"}, "TASK-1773192619336:0": {"status": "doing", "progress": 0, "title": "Разбор и план", "since": 1773192619.4264588, "startedActual": 0.0, "ts": 1773192619.7864656, "rate": 0.0}, "TASK-1773192619336:1": {"status": "todo", "progress": 0, "title": "Реализация", "since": 1773192619.4264588, "startedActual": 0.0, "ts": 1773192619.7864656, "rate": 0.0}, "TASK-1773192619336:2": {"status": "todo", "progress": 0, "title": "Проверка", "since": 1773192619.4264588, "startedActual": 0.0, "ts": 1773192619.7864656, "rate": 0.0}, "TASK-1773192619336:": {"status": "doing", "progress": 0, "title": "FUNC004 smoke 1", "since": 1773192619.4264588, "startedActual": 0.0, "ts": 1773192619.7864656, "rate": 0.0}, "VIZ-001:0": {"status": "done", "progress": 100, "title": "Move all 3 robots to negative Z in front of desk", "since": 1773192619.4264588, "startedActual": 10.0, "ts": 1773192619.7864656, "rate": 0.0}, "VIZ-001:1": {"status": "done", "progress": 100, "title": "Wait for wasm timestamp change after deploy", "since": 1773192619.4264588, "startedActual": 5.0, "ts": 1773192619.7864656, "rate": 0.0}, "VIZ-001:2": {"status": "done", "progress": 100, "title": "Confirm with screenshot all 3 robots visible", "since": 1773192619.4264588, "startedActual": 5.0, "ts": 1773192619.7864656, "rate": 0.0}, "VIZ-001:": {"status": "done", "progress": 100, "title": "3 robots visible simultaneously on screen", "since": 1773192619.4264588, "startedActual": 20.0, "ts": 1773192619.7864656, "rate": 0.0}, "VIZ-002:0": {"status": "done", "progress": 100, "title": "Warm ambient Color(1.0, 0.95, 0.85)", "since": 1773192619.4264588, "startedActual": 10.0, "ts": 1773192619.7864656, "rate": 0.0}, "VIZ-002:1": {"status": "done", "progress": 100, "title": "Directional light pos(2,8,-4) intensity=1.5 warm color", "since": 1773192619.4264588, "startedActual": 10.0, "ts": 1773192619.7864656, "rate": 0.0}, "VIZ-002:2": {"status": "done", "progress": 100, "title": "Rim lights behind robots for depth", "since": 1773192619.4264588, "startedActual": 15.0, "ts": 1773192619.7864656, "rate": 0.0}, "VIZ-002:3": {"status": "done", "progress": 100, "title": "Screenshot confirms warm Pixar lighting", "since": 1773192619.4264588, "startedActual": 10.0, "ts": 1773192619.7864656, "rate": 0.0}, "VIZ-002:": {"status": "done", "progress": 100, "title": "Pixar quality lighting", "since": 1773192619.4264588, "startedActual": 45.0, "ts": 1773192619.7864656, "rate": 0.0}, "VIZ-003:0": {"status": "doing", "progress": 0, "title": "Search and download stylized robot GLB from Sketchfab", "since": 1773192619.4264588, "startedActual": 0.0, "ts": 1773192619.7864656, "rate": 0.0}, "VIZ-003:1": {"status": "todo", "progress": 0, "title": "Import GLB into Unity and assign to 3 robots", "since": 1773192619.4264588, "startedActual": 0.0, "ts": 1773192619.7864656, "rate": 0.0}, "VIZ-003:2": {"status": "todo",