{"nodes": {"PLAN-001:0": {"actual": 20.0, "last": 1772551002.1362033}, "PLAN-001:1": {"actual": 40.0, "last": 1772551002.1362033}, "PLAN-001:2": {"actual": 30.0, "last": 1772551002.1362033}, "PLAN-001:": {"actual": 90.0, "last": 1772551002.1362033}, "PLAN-002:0": {"actual": 15.0, "last": 1772551002.1362033}, "PLAN-002:1": {"actual": 20.0, "last": 1772551002.1362033}, "PLAN-002:2": {"actual": 10.0, "last": 1772551002.1362033}, "PLAN-002:": {"actual": 45.0, "last": 1772551002.1362033}, "PLAN-003:0": {"actual": 18.0, "last": 1772551002.1362033}, "PLAN-003:1": {"actual": 0.0, "last": 1772551002.1362033}, "PLAN-003:2": {"actual": 0.0, "last": 1772551002.1362033}, "PLAN-003:": {"actual": 18.0, "last": 1772551002.1362033}}, "meta": {"PLAN-001:0": {"status": "done", "progress": 100, "title": "Очистить и стабилизировать task/state pipeline", "since": 1772545186.3553488, "startedActual": 20.0, "ts": 1772551002.1362033, "rate": 0.0}, "PLAN-001:1": {"status": "done", "progress": 100, "title": "Главный стол + свет читаемый", "since": 1772546027.9755578, "startedActual": 40.0, "ts": 1772551002.1362033, "rate": 5e-324}, "PLAN-001:2": {"status": "done", "progress": 100, "title": "Стол сотрудника + chill зона", "since": 1772546027.9755578, "startedActual": 30.0, "ts": 1772551002.1362033, "rate": 5e-324}, "PLAN-001:": {"status": "done", "progress": 100, "title": "Unity URP WebGL: Базовая сцена офиса", "since": 1772546027.9755578, "startedActual": 90.0, "ts": 1772551002.1362033, "rate": 5e-324}, "PLAN-002:0": {"status": "done", "progress": 100, "title": "Показывать только актуальные задачи", "since": 1772546390.6298563, "startedActual": 15.0, "ts": 1772551002.1362033, "rate": 5e-324}, "PLAN-002:1": {"status": "done", "progress": 100, "title": "Вложенные подзадачи + прогресс бары", "since": 1772545186.3553488, "startedActual": 20.0, "ts": 1772551002.1362033, "rate": 0.0}, "PLAN-002:2": {"status": "done", "progress": 100, "title": "CPU/Load + now-doing синхронизация", "since": 1772546390.6298563, "startedActual": 10.0, "ts": 1772551002.1362033, "rate": 5e-324}, "PLAN-002:": {"status": "done", "progress": 100, "title": "Правая панель: Сейчас делаю / Активные / Последние", "since": 1772546390.6298563, "startedActual": 45.0, "ts": 1772551002.1362033, "rate": 5e-324}, "task:PLAN-001": {"status": "done"}, "task:PLAN-002": {"status": "done"}, "PLAN-003:0": {"status": "doing", "progress": 45.0, "title": "Детализировать стол сотрудника и монитор", "since": 1772546390.6298563, "startedActual": 0.0, "ts": 1772551002.1362033, "rate": 5e-324}, "PLAN-003:1": {"status": "todo", "progress": 0, "title": "Ассистенты с ролями и бейджами (3+)", "since": 1772546390.6298563, "startedActual": 0.0, "ts": 1772551002.1362033, "rate": 0.0}, "PLAN-003:2": {"status": "todo", "progress": 0, "title": "Chill-zone (софа, лампа, растения) финальный вид", "since": 1772546390.6298563, "startedActual": 0.0, "ts": 1772551002.1362033, "rate": 0.0}, "PLAN-003:": {"status": "doing", "progress": 15.0, "title": "Unity сцена: финализация столов, ассистентов и chill-zone", "since": 1772546390.6298563, "startedActual": 0.0, "ts": 1772551002.1362033, "rate": 5e-324}, "task:PLAN-003": {"status": "doing"}}, "completed": [{"id": "PLAN-001", "path": [0], "title": "Очистить и стабилизировать task/state pipeline", "ts": 1772545186.3553488}, {"id": "PLAN-002", "path": [1], "title": "Вложенные подзадачи + прогресс бары", "ts": 1772545186.3553488}, {"id": "PLAN-001", "path": [1], "title": "Главный стол + свет читаемый", "ts": 1772546027.9755578}, {"id": "PLAN-001", "path": [2], "title": "Стол сотрудника + chill зона", "ts": 1772546027.9755578}, {"id": "PLAN-002", "path": [0], "title": "Показывать только актуальные задачи", "ts": 1772546390.6298563}, {"id": "PLAN-002", "path": [2], "title": "CPU/Load + now-doing синхронизация", "ts": 1772546390.6298563}], "recentTasks": [{"id": "PLAN-001", "title": "Unity URP WebGL: Базовая сцена офиса", "ts": 1772546027.9755578, "task": {"id": "PLAN-001", "title": "Unity URP WebGL: Базовая сцена офиса", "status": "done", "estimate": 90.0, "actual": 90.0, "progress": 100, "subtasks": [{"title": "Очистить и стабилизировать task/state pipeline", "status": "done", "estimate": 20.0, "actual": 20.0, "progress": 100}, {"title": "Главный стол + свет читаемый", "status": "done", "estimate": 40.0, "actual": 40.0, "progress": 100}, {"title": "Стол сотрудника + chill зона", "status": "done", "estimate": 30.0, "actual": 30.0, "progress": 100}], "completed_at": 1772546027}}, {"id": "PLAN-002", "title": "Правая панель: Сейчас делаю / Активные / Последние", "ts": 1772546390.6298563, "task": {"id": "PLAN-002", "title": "Правая панель: Сейчас делаю / Активные / Последние", "status": "done", "estimate": 45.0, "actual": 45.0, "progress": 100, "subtasks": [{"title": "Показывать только актуальные задачи", "status": "done", "estimate": 15.0, "actual": 15.0, "progress": 100}, {"title": "Вложенные подзадачи + прогресс бары", "status": "done", "estimate": 20.0, "actual": 20.0, "progress": 100}, {"title": "CPU/Load + now-doing синхронизация", "status": "done", "estimate": 10.0, "actual": 10.0, "progress": 100}], "completed_at": 1772546389}}]}